genomeIDs	original_lineage	recombinant_parents	breakpoint_count	case_report_folder
Denmark/DCGC-692222/2025	XFP	LF.7.9 + A.2.5.1 + LF.7.9	2BP	results/recombinhunt_output/sars-cov-2/dist0size0/all/structured_reports/case_11_XFP_Denmark/DCGC-692222/2025
OZ285414	XFP	XFJ.1 + MC.2	1BP	results/recombinhunt_output/sars-cov-2/dist0size0/all/structured_reports/case_11_XFP_OZ285414
USA/CA-GBW-GKISBBBE89075/2025	XFP	KP.2.28.1 + XFJ.1	1BP	results/recombinhunt_output/sars-cov-2/dist0size0/all/structured_reports/case_11_XFP_USA/CA-GBW-GKISBBBE89075/2025
USA/MA-MASPHL-14151/2025	XFP	MC.11 + XFJ.1	1BP	results/recombinhunt_output/sars-cov-2/dist0size0/all/structured_reports/case_11_XFP_USA/MA-MASPHL-14151/2025
USA/NJ-GBW-GKISBBBF09579/2025	XFP	MC.17.1 + XFJ.1	1BP	results/recombinhunt_output/sars-cov-2/dist0size0/all/structured_reports/case_11_XFP_USA/NJ-GBW-GKISBBBF09579/2025
USA/NY-GBW-GKISBBBE99208/2025	XFP	XFJ.1 + MC.13	1BP	results/recombinhunt_output/sars-cov-2/dist0size0/all/structured_reports/case_11_XFP_USA/NY-GBW-GKISBBBE99208/2025
USA/NY-GBW-GKISBBBE99384/2025	XFP	XFJ.3 + MC.13	1BP	results/recombinhunt_output/sars-cov-2/dist0size0/all/structured_reports/case_11_XFP_USA/NY-GBW-GKISBBBE99384/2025
USA/NY-GBW-GKISBBBF41177/2025	XFP	XFJ.3 + KP.3.1	1BP	results/recombinhunt_output/sars-cov-2/dist0size0/all/structured_reports/case_11_XFP_USA/NY-GBW-GKISBBBF41177/2025
IGS-10285-CVDP-7DC538F8-A098-480C-A770-7BD46A9127F9	XFP	JN.1.48 + XFJ.1	1BP	results/recombinhunt_output/sars-cov-2/dist0size0/all/structured_reports/case_11_XFP_IGS-10285-CVDP-7DC538F8-A098-480C-A770-7BD46A9127F9
USA/NY-PRL-250401_81E07/2025	XDY	XDY.6 + CK.2	1BP	results/recombinhunt_output/sars-cov-2/dist0size0/all/structured_reports/case_25_XDY_USA/NY-PRL-250401_81E07/2025
OZ262381	XFJ	JN.1.53 + XFJ.1	1BP	results/recombinhunt_output/sars-cov-2/dist0size0/all/structured_reports/case_46_XFJ_OZ262381
OZ276211,OZ278875	XFJ	LP.8.1 + XFJ.1	1BP	results/recombinhunt_output/sars-cov-2/dist0size0/all/structured_reports/case_46_XFJ_OZ276211
OZ276211,OZ278875	XFJ	LP.8.1 + XFJ.1	1BP	results/recombinhunt_output/sars-cov-2/dist0size0/all/structured_reports/case_46_XFJ_OZ276211
OZ280587	XFJ	JN.1.8.1 + XFJ.1	1BP	results/recombinhunt_output/sars-cov-2/dist0size0/all/structured_reports/case_46_XFJ_OZ280587
USA/CA-CDPH-6000021782/2025	XFJ	LP.8.1 + XFJ.1	1BP	results/recombinhunt_output/sars-cov-2/dist0size0/all/structured_reports/case_46_XFJ_USA/CA-CDPH-6000021782/2025
USA/CA-LACPHL-AY11911/2025	XFJ	JN.1 + XFJ.1	1BP	results/recombinhunt_output/sars-cov-2/dist0size0/all/structured_reports/case_46_XFJ_USA/CA-LACPHL-AY11911/2025
USA/MA-MASPHL-14074/2025	XFJ	JN.1 + XFJ.1	1BP	results/recombinhunt_output/sars-cov-2/dist0size0/all/structured_reports/case_46_XFJ_USA/MA-MASPHL-14074/2025
IGS-10285-CVDP-2AAB5C9E-0709-4787-8906-A3F7486EE388	XFJ	XFJ.1 + LF.7 + XFJ.1	2BP	results/recombinhunt_output/sars-cov-2/dist0size0/all/structured_reports/case_46_XFJ_IGS-10285-CVDP-2AAB5C9E-0709-4787-8906-A3F7486EE388
IGS-10285-CVDP-3BC3A18F-E0E3-415C-97ED-0C225785CACE	XFJ	XFJ.1 + KP.2.5 + XFJ.1	2BP	results/recombinhunt_output/sars-cov-2/dist0size0/all/structured_reports/case_46_XFJ_IGS-10285-CVDP-3BC3A18F-E0E3-415C-97ED-0C225785CACE
IGS-10285-CVDP-5C418B6D-4A8E-423C-9873-BB3B605DD9B9	XFJ	XFJ.1 + GA.4.1 + XFJ.1	2BP	results/recombinhunt_output/sars-cov-2/dist0size0/all/structured_reports/case_46_XFJ_IGS-10285-CVDP-5C418B6D-4A8E-423C-9873-BB3B605DD9B9
IGS-10285-CVDP-945917A7-03F4-44B7-B15E-9DAC718B9032	XFJ	XFJ.1 + GA.4.1 + XFJ.1	2BP	results/recombinhunt_output/sars-cov-2/dist0size0/all/structured_reports/case_46_XFJ_IGS-10285-CVDP-945917A7-03F4-44B7-B15E-9DAC718B9032
USA/IVY-G25Y93M8/2025	XES	KP.3.3 + KP.2.3.15 + KP.3.3	2BP	results/recombinhunt_output/sars-cov-2/dist0size0/all/structured_reports/case_52_XES_USA/IVY-G25Y93M8/2025
USA/AR-CDC-2-8381796/2025	XEQ	KP.2 + KP.3.1.1 + KP.2	2BP	results/recombinhunt_output/sars-cov-2/dist0size0/all/structured_reports/case_55_XEQ_USA/AR-CDC-2-8381796/2025
USA/CA-CDPH-500146881/2025	XEQ	KP.2 + LF.7.1.4 + KP.2	2BP	results/recombinhunt_output/sars-cov-2/dist0size0/all/structured_reports/case_55_XEQ_USA/CA-CDPH-500146881/2025
USA/CO-CDC-QDX33808363/2025	XEQ	JN.1 + KP.2	1BP	results/recombinhunt_output/sars-cov-2/dist0size0/all/structured_reports/case_55_XEQ_USA/CO-CDC-QDX33808363/2025
USA/CT-DPH-1286600001/2025	XEQ	KS.1.1.2 + MC.24.1	1BP	results/recombinhunt_output/sars-cov-2/dist0size0/all/structured_reports/case_55_XEQ_USA/CT-DPH-1286600001/2025
USA/DC-CDC-2-8398675/2025	XEQ	LB.1.3.2 + KP.2	1BP	results/recombinhunt_output/sars-cov-2/dist0size0/all/structured_reports/case_55_XEQ_USA/DC-CDC-2-8398675/2025
USA/IL-RIPHL_15496_G/2025	XEQ	MC.24.1 + LB.1.7 + MC.24.1	2BP	results/recombinhunt_output/sars-cov-2/dist0size0/all/structured_reports/case_55_XEQ_USA/IL-RIPHL_15496_G/2025
USA/IL-RIPHL_33562_G/2025	XEQ	XEC.2 + KP.3	1BP	results/recombinhunt_output/sars-cov-2/dist0size0/all/structured_reports/case_55_XEQ_USA/IL-RIPHL_33562_G/2025
USA/MN-MDH-46610/2025	XEQ	KP.2 + CK.1	1BP	results/recombinhunt_output/sars-cov-2/dist0size0/all/structured_reports/case_55_XEQ_USA/MN-MDH-46610/2025
USA/NMDOH-2025009737/2025	XEQ	JN.1 + MC.24.1	1BP	results/recombinhunt_output/sars-cov-2/dist0size0/all/structured_reports/case_55_XEQ_USA/NMDOH-2025009737/2025
USA/NMDOH-2025013200/2025	XEQ	JN.9 + KP.2	1BP	results/recombinhunt_output/sars-cov-2/dist0size0/all/structured_reports/case_55_XEQ_USA/NMDOH-2025013200/2025
USA/NMDOH-2025014470/2025	XEQ	JN.9 + KP.2	1BP	results/recombinhunt_output/sars-cov-2/dist0size0/all/structured_reports/case_55_XEQ_USA/NMDOH-2025014470/2025
USA/NY-USAFSAM-S23702/2025	XEQ	KP.2 + JN.1.52	1BP	results/recombinhunt_output/sars-cov-2/dist0size0/all/structured_reports/case_55_XEQ_USA/NY-USAFSAM-S23702/2025
BHR/25020274266/2025,BHR/25220009714/2025	XFG	XFG.3 + FY.1.4.1 + XFG.3	2BP	results/recombinhunt_output/sars-cov-2/dist0size0/all/structured_reports/case_58_XFG_BHR/25020274266/2025
BHR/25100010185/2025	XFG	XFG.3 + PR.2	1BP	results/recombinhunt_output/sars-cov-2/dist0size0/all/structured_reports/case_58_XFG_BHR/25100010185/2025
BHR/25100013134/2025	XFG	LF.7 + PR.2	1BP	results/recombinhunt_output/sars-cov-2/dist0size0/all/structured_reports/case_58_XFG_BHR/25100013134/2025
BHR/25020274266/2025,BHR/25220009714/2025	XFG	XFG.3 + FY.1.4.1 + XFG.3	2BP	results/recombinhunt_output/sars-cov-2/dist0size0/all/structured_reports/case_58_XFG_BHR/25020274266/2025
BHR/25280014848/2025	XFG	LF.7 + LP.8.1.1	1BP	results/recombinhunt_output/sars-cov-2/dist0size0/all/structured_reports/case_58_XFG_BHR/25280014848/2025
BHR/25280016045/2025	XFG	LF.7 + PR.2	1BP	results/recombinhunt_output/sars-cov-2/dist0size0/all/structured_reports/case_58_XFG_BHR/25280016045/2025
BHR/25280016706/2025	XFG	JN.1.8.1 + LF.7	1BP	results/recombinhunt_output/sars-cov-2/dist0size0/all/structured_reports/case_58_XFG_BHR/25280016706/2025
OZ263366	XFG	NM.2 + XFG.3	1BP	results/recombinhunt_output/sars-cov-2/dist0size0/all/structured_reports/case_58_XFG_OZ263366
OZ263370,OZ272409,OZ278845,OZ285873	XFG	XFG.3 + LU.2.1.1 + XFG.3	2BP	results/recombinhunt_output/sars-cov-2/dist0size0/all/structured_reports/case_58_XFG_OZ263370
OZ263399	XFG	XFG.3 + XBB.2.3 + XFG.3	2BP	results/recombinhunt_output/sars-cov-2/dist0size0/all/structured_reports/case_58_XFG_OZ263399
OZ271485	XFG	XFG.3.1 + LF.7.7.1 + XFG.3.1	2BP	results/recombinhunt_output/sars-cov-2/dist0size0/all/structured_reports/case_58_XFG_OZ271485
OZ272392	XFG	XFG.3 + LU.2.1.1 + XFG.3	2BP	results/recombinhunt_output/sars-cov-2/dist0size0/all/structured_reports/case_58_XFG_OZ272392
OZ263370,OZ272409,OZ278845,OZ285873	XFG	XFG.3 + LU.2.1.1 + XFG.3	2BP	results/recombinhunt_output/sars-cov-2/dist0size0/all/structured_reports/case_58_XFG_OZ263370
OZ276205	XFG	XFG.3 + LU.2.1.1 + XFG.3	2BP	results/recombinhunt_output/sars-cov-2/dist0size0/all/structured_reports/case_58_XFG_OZ276205
OZ277109	XFG	XFG.3 + KP.4.1.1 + XFG.3	2BP	results/recombinhunt_output/sars-cov-2/dist0size0/all/structured_reports/case_58_XFG_OZ277109
OZ277275	XFG	LB.1.3 + LF.7	1BP	results/recombinhunt_output/sars-cov-2/dist0size0/all/structured_reports/case_58_XFG_OZ277275
OZ263370,OZ272409,OZ278845,OZ285873	XFG	XFG.3 + LU.2.1.1 + XFG.3	2BP	results/recombinhunt_output/sars-cov-2/dist0size0/all/structured_reports/case_58_XFG_OZ263370
OZ282610	XFG	JN.11 + XFG.2	1BP	results/recombinhunt_output/sars-cov-2/dist0size0/all/structured_reports/case_58_XFG_OZ282610
OZ284632	XFG	BQ.1.1.35 + XFG.3	1BP	results/recombinhunt_output/sars-cov-2/dist0size0/all/structured_reports/case_58_XFG_OZ284632
OZ284870	XFG	LF.7 + HK.13 + LF.7	2BP	results/recombinhunt_output/sars-cov-2/dist0size0/all/structured_reports/case_58_XFG_OZ284870
OZ285842	XFG	JN.11 + LF.7	1BP	results/recombinhunt_output/sars-cov-2/dist0size0/all/structured_reports/case_58_XFG_OZ285842
OZ263370,OZ272409,OZ278845,OZ285873	XFG	XFG.3 + LU.2.1.1 + XFG.3	2BP	results/recombinhunt_output/sars-cov-2/dist0size0/all/structured_reports/case_58_XFG_OZ263370
OZ286915	XFG	XFG.3 + CP.5 + XFG.3	2BP	results/recombinhunt_output/sars-cov-2/dist0size0/all/structured_reports/case_58_XFG_OZ286915
OZ286929	XFG	LF.7 + XDD.1.1 + LF.7	2BP	results/recombinhunt_output/sars-cov-2/dist0size0/all/structured_reports/case_58_XFG_OZ286929
OZ286968	XFG	XEK.6 + XFG.3	1BP	results/recombinhunt_output/sars-cov-2/dist0size0/all/structured_reports/case_58_XFG_OZ286968
OZ287971	XFG	XFG.3 + XBB.1.16.22 + XFG.3	2BP	results/recombinhunt_output/sars-cov-2/dist0size0/all/structured_reports/case_58_XFG_OZ287971
OZ287981	XFG	JN.1.61 + XFG.2	1BP	results/recombinhunt_output/sars-cov-2/dist0size0/all/structured_reports/case_58_XFG_OZ287981
OZ288005	XFG	JN.1 + XFG.3	1BP	results/recombinhunt_output/sars-cov-2/dist0size0/all/structured_reports/case_58_XFG_OZ288005
OZ288008	XFG	LD.1 + XFG.3.1	1BP	results/recombinhunt_output/sars-cov-2/dist0size0/all/structured_reports/case_58_XFG_OZ288008
OZ288058	XFG	XFG.3 + BW.1 + XFG.3	2BP	results/recombinhunt_output/sars-cov-2/dist0size0/all/structured_reports/case_58_XFG_OZ288058
OZ288067	XFG	XFG.3 + KP.2.3	1BP	results/recombinhunt_output/sars-cov-2/dist0size0/all/structured_reports/case_58_XFG_OZ288067
OZ288069	XFG	XFG.3 + XDD.1.1 + XFG.3	2BP	results/recombinhunt_output/sars-cov-2/dist0size0/all/structured_reports/case_58_XFG_OZ288069
OZ288088	XFG	BA.2.86.1 + XFG.3.1	1BP	results/recombinhunt_output/sars-cov-2/dist0size0/all/structured_reports/case_58_XFG_OZ288088
OZ296928	XFG	XEC.2.2.1 + XFG.3	1BP	results/recombinhunt_output/sars-cov-2/dist0size0/all/structured_reports/case_58_XFG_OZ296928
OZ296975	XFG	XFG.3 + XDD.1.1 + XFG.3	2BP	results/recombinhunt_output/sars-cov-2/dist0size0/all/structured_reports/case_58_XFG_OZ296975
OZ297519	XFG	XFG.3 + KP.3.1.1	1BP	results/recombinhunt_output/sars-cov-2/dist0size0/all/structured_reports/case_58_XFG_OZ297519
OZ297591	XFG	BQ.1.10 + XFG.3	1BP	results/recombinhunt_output/sars-cov-2/dist0size0/all/structured_reports/case_58_XFG_OZ297591
USA/CA-CDPH-500147587/2025	XFG	FL.29 + XFG.3	1BP	results/recombinhunt_output/sars-cov-2/dist0size0/all/structured_reports/case_58_XFG_USA/CA-CDPH-500147587/2025
USA/CA-GBW-GKISBBBE69940/2025	XFG	LF.7 + NL.11 + LF.7	2BP	results/recombinhunt_output/sars-cov-2/dist0size0/all/structured_reports/case_58_XFG_USA/CA-GBW-GKISBBBE69940/2025
USA/CA-LACPHL-AY12256/2025	XFG	JN.11 + XFG.2	1BP	results/recombinhunt_output/sars-cov-2/dist0size0/all/structured_reports/case_58_XFG_USA/CA-LACPHL-AY12256/2025
USA/CA-LACPHL-AY12331/2025	XFG	JN.1.39.1 + XFG.3	1BP	results/recombinhunt_output/sars-cov-2/dist0size0/all/structured_reports/case_58_XFG_USA/CA-LACPHL-AY12331/2025
USA/CA-LACPHL-AY12367/2025	XFG	XFG.3 + BA.2.38 + XFG.3	2BP	results/recombinhunt_output/sars-cov-2/dist0size0/all/structured_reports/case_58_XFG_USA/CA-LACPHL-AY12367/2025
USA/CA-LACPHL-AY12442/2025	XFG	KP.3.1.1 + XFG.3	1BP	results/recombinhunt_output/sars-cov-2/dist0size0/all/structured_reports/case_58_XFG_USA/CA-LACPHL-AY12442/2025
USA/CA-LACPHL-AY12607/2025	XFG	KP.2.3.10 + LF.7	1BP	results/recombinhunt_output/sars-cov-2/dist0size0/all/structured_reports/case_58_XFG_USA/CA-LACPHL-AY12607/2025
USA/CA-LACPHL-AY12732/2025	XFG	XFG.2 + BE.5	1BP	results/recombinhunt_output/sars-cov-2/dist0size0/all/structured_reports/case_58_XFG_USA/CA-LACPHL-AY12732/2025
USA/CA-LACPHL-AY12742/2025	XFG	XFG.3 + JJ.1 + XFG.3	2BP	results/recombinhunt_output/sars-cov-2/dist0size0/all/structured_reports/case_58_XFG_USA/CA-LACPHL-AY12742/2025
USA/CA-LACPHL-AY12924/2025	XFG	JN.11 + LF.7	1BP	results/recombinhunt_output/sars-cov-2/dist0size0/all/structured_reports/case_58_XFG_USA/CA-LACPHL-AY12924/2025
USA/CA-LACPHL-AY13064/2025	XFG	KP.3.1.1 + XFG.3	1BP	results/recombinhunt_output/sars-cov-2/dist0size0/all/structured_reports/case_58_XFG_USA/CA-LACPHL-AY13064/2025
USA/CA-LACPHL-AY13080/2025	XFG	XFG.3 + XBB.1.16.22 + XFG.3	2BP	results/recombinhunt_output/sars-cov-2/dist0size0/all/structured_reports/case_58_XFG_USA/CA-LACPHL-AY13080/2025
USA/CA-LACPHL-AY13088/2025	XFG	BA.2.76 + XFG.3	1BP	results/recombinhunt_output/sars-cov-2/dist0size0/all/structured_reports/case_58_XFG_USA/CA-LACPHL-AY13088/2025
USA/CA-LACPHL-AY13108/2025	XFG	KP.2 + XFG.3	1BP	results/recombinhunt_output/sars-cov-2/dist0size0/all/structured_reports/case_58_XFG_USA/CA-LACPHL-AY13108/2025
USA/CA-LACPHL-AY13110/2025	XFG	BA.2.76 + XFG.3	1BP	results/recombinhunt_output/sars-cov-2/dist0size0/all/structured_reports/case_58_XFG_USA/CA-LACPHL-AY13110/2025
USA/CA-LACPHL-AY13111/2025	XFG	KP.3.1 + XFG.2	1BP	results/recombinhunt_output/sars-cov-2/dist0size0/all/structured_reports/case_58_XFG_USA/CA-LACPHL-AY13111/2025
USA/CA-LACPHL-AY13137/2025	XFG	LD.1 + XFG.3	1BP	results/recombinhunt_output/sars-cov-2/dist0size0/all/structured_reports/case_58_XFG_USA/CA-LACPHL-AY13137/2025
USA/CA-LACPHL-AY13158/2025	XFG	JN.11 + XFG.2	1BP	results/recombinhunt_output/sars-cov-2/dist0size0/all/structured_reports/case_58_XFG_USA/CA-LACPHL-AY13158/2025
USA/CT-DPH-1292714001/2025	XFG	LF.7 + BE.5	1BP	results/recombinhunt_output/sars-cov-2/dist0size0/all/structured_reports/case_58_XFG_USA/CT-DPH-1292714001/2025
USA/CT-DPH-1302633001/2025	XFG	KP.3.1.1 + LF.7	1BP	results/recombinhunt_output/sars-cov-2/dist0size0/all/structured_reports/case_58_XFG_USA/CT-DPH-1302633001/2025
USA/CT-DPH-1304113001/2025	XFG	XEC.29 + XFG.3	1BP	results/recombinhunt_output/sars-cov-2/dist0size0/all/structured_reports/case_58_XFG_USA/CT-DPH-1304113001/2025
USA/CT-USAFSAM-S23777/2025	XFG	JN.11 + XFG.2	1BP	results/recombinhunt_output/sars-cov-2/dist0size0/all/structured_reports/case_58_XFG_USA/CT-USAFSAM-S23777/2025
USA/MA-MASPHL-14177/2025	XFG	XFG.3 + KP.3.1.5 + XFG.3	2BP	results/recombinhunt_output/sars-cov-2/dist0size0/all/structured_reports/case_58_XFG_USA/MA-MASPHL-14177/2025
USA/MD-MDH-11764/2025	XFG	LF.1 + LF.7	1BP	results/recombinhunt_output/sars-cov-2/dist0size0/all/structured_reports/case_58_XFG_USA/MD-MDH-11764/2025
USA/MI-UM-10064755202/2025,USA/MI-UM-10064865844/2025	XFG	XFG.3 + NY.15 + XFG.3	2BP	results/recombinhunt_output/sars-cov-2/dist0size0/all/structured_reports/case_58_XFG_USA/MI-UM-10064755202/2025
USA/MI-UM-10064755202/2025,USA/MI-UM-10064865844/2025	XFG	XFG.3 + NY.15 + XFG.3	2BP	results/recombinhunt_output/sars-cov-2/dist0size0/all/structured_reports/case_58_XFG_USA/MI-UM-10064755202/2025
USA/MN-MDH-47445/2025	XFG	MC.33 + XFG.3	1BP	results/recombinhunt_output/sars-cov-2/dist0size0/all/structured_reports/case_58_XFG_USA/MN-MDH-47445/2025
USA/MN-MDH-47488/2025	XFG	KP.4.1.1 + XFG.2	1BP	results/recombinhunt_output/sars-cov-2/dist0size0/all/structured_reports/case_58_XFG_USA/MN-MDH-47488/2025
USA/MN-MDH-47506/2025	XFG	JN.11 + LF.7	1BP	results/recombinhunt_output/sars-cov-2/dist0size0/all/structured_reports/case_58_XFG_USA/MN-MDH-47506/2025
USA/MN-MDH-47532/2025	XFG	LF.7.7.1 + XFG.2	1BP	results/recombinhunt_output/sars-cov-2/dist0size0/all/structured_reports/case_58_XFG_USA/MN-MDH-47532/2025
USA/MN-MDH-47545/2025	XFG	XFG.3 + PQ.5	1BP	results/recombinhunt_output/sars-cov-2/dist0size0/all/structured_reports/case_58_XFG_USA/MN-MDH-47545/2025
USA/NJ-GBW-GKISBBBH44036/2025	XFG	XFG.3 + HV.1.11 + XFG.3	2BP	results/recombinhunt_output/sars-cov-2/dist0size0/all/structured_reports/case_58_XFG_USA/NJ-GBW-GKISBBBH44036/2025
USA/NJ-GBW-GKPLAAAA70247/2025	XFG	XFG.3 + HV.1.11 + XFG.3	2BP	results/recombinhunt_output/sars-cov-2/dist0size0/all/structured_reports/case_58_XFG_USA/NJ-GBW-GKPLAAAA70247/2025
USA/NJ-PHEL-V25011860/2025	XFG	JN.1.53.1 + LF.7	1BP	results/recombinhunt_output/sars-cov-2/dist0size0/all/structured_reports/case_58_XFG_USA/NJ-PHEL-V25011860/2025
USA/NJ-PHEL-V25012011/2025	XFG	JN.1.7.8 + XFG.3	1BP	results/recombinhunt_output/sars-cov-2/dist0size0/all/structured_reports/case_58_XFG_USA/NJ-PHEL-V25012011/2025
USA/NJ-PHEL-V25012357/2025	XFG	JN.4 + LF.7	1BP	results/recombinhunt_output/sars-cov-2/dist0size0/all/structured_reports/case_58_XFG_USA/NJ-PHEL-V25012357/2025
USA/NY-PRL-250520_81F07/2025,USA/NY-PRL-250528_81F01/2025	XFG	KS.1.3 + XFG.3	1BP	results/recombinhunt_output/sars-cov-2/dist0size0/all/structured_reports/case_58_XFG_USA/NY-PRL-250520_81F07/2025
USA/NY-PRL-250520_81F07/2025,USA/NY-PRL-250528_81F01/2025	XFG	KS.1.3 + XFG.3	1BP	results/recombinhunt_output/sars-cov-2/dist0size0/all/structured_reports/case_58_XFG_USA/NY-PRL-250520_81F07/2025
USA/NY-PRL-250708_81D01/2025	XFG	XFG.3 + KP.3.1.5 + XFG.3	2BP	results/recombinhunt_output/sars-cov-2/dist0size0/all/structured_reports/case_58_XFG_USA/NY-PRL-250708_81D01/2025
USA/NY-PRL-250708_81F10/2025,USA/NY-PRL-250708_81F11/2025	XFG	LD.1 + XFG.3	1BP	results/recombinhunt_output/sars-cov-2/dist0size0/all/structured_reports/case_58_XFG_USA/NY-PRL-250708_81F10/2025
USA/NY-PRL-250708_81F10/2025,USA/NY-PRL-250708_81F11/2025	XFG	LD.1 + XFG.3	1BP	results/recombinhunt_output/sars-cov-2/dist0size0/all/structured_reports/case_58_XFG_USA/NY-PRL-250708_81F10/2025
USA/NY-PRL-250715_81G02/2025,USA/NY-PRL-250715_81G03/2025,USA/UT-UPHL-250801579368/2025	XFG	LF.7 + KP.3.1.5 + LF.7	2BP	results/recombinhunt_output/sars-cov-2/dist0size0/all/structured_reports/case_58_XFG_USA/NY-PRL-250715_81G02/2025
USA/NY-PRL-250715_81G02/2025,USA/NY-PRL-250715_81G03/2025,USA/UT-UPHL-250801579368/2025	XFG	LF.7 + KP.3.1.5 + LF.7	2BP	results/recombinhunt_output/sars-cov-2/dist0size0/all/structured_reports/case_58_XFG_USA/NY-PRL-250715_81G02/2025
USA/NY-PRL-250722_81C08/2025	XFG	KS.1.3 + XFG.3	1BP	results/recombinhunt_output/sars-cov-2/dist0size0/all/structured_reports/case_58_XFG_USA/NY-PRL-250722_81C08/2025
USA/NY-PRL-250722_81F09/2025	XFG	LD.1 + XFG.3	1BP	results/recombinhunt_output/sars-cov-2/dist0size0/all/structured_reports/case_58_XFG_USA/NY-PRL-250722_81F09/2025
USA/NY-PRL-250728_81D05/2025	XFG	XFG.3 + KP.3.1.5 + XFG.3	2BP	results/recombinhunt_output/sars-cov-2/dist0size0/all/structured_reports/case_58_XFG_USA/NY-PRL-250728_81D05/2025
USA/NY-PRL-250728_81H09/2025	XFG	XFG.3 + XBB.1.42.1 + XFG.3	2BP	results/recombinhunt_output/sars-cov-2/dist0size0/all/structured_reports/case_58_XFG_USA/NY-PRL-250728_81H09/2025
USA/NY-PRL-250728_82B06/2025	XFG	XFG.3 + KP.3.1.5 + XFG.3	2BP	results/recombinhunt_output/sars-cov-2/dist0size0/all/structured_reports/case_58_XFG_USA/NY-PRL-250728_82B06/2025
USA/NY-PRL-250728_82C09/2025	XFG	XFG.3 + KP.3.1.5 + XFG.3	2BP	results/recombinhunt_output/sars-cov-2/dist0size0/all/structured_reports/case_58_XFG_USA/NY-PRL-250728_82C09/2025
USA/NY-PRL-250728_82D06/2025	XFG	XFG.3 + XDD.1.1 + XFG.3	2BP	results/recombinhunt_output/sars-cov-2/dist0size0/all/structured_reports/case_58_XFG_USA/NY-PRL-250728_82D06/2025
USA/OSPHL10334/2025	XFG	EG.5.1.16 + XFG.3	1BP	results/recombinhunt_output/sars-cov-2/dist0size0/all/structured_reports/case_58_XFG_USA/OSPHL10334/2025
USA/NY-PRL-250715_81G02/2025,USA/NY-PRL-250715_81G03/2025,USA/UT-UPHL-250801579368/2025	XFG	LF.7 + KP.3.1.5 + LF.7	2BP	results/recombinhunt_output/sars-cov-2/dist0size0/all/structured_reports/case_58_XFG_USA/NY-PRL-250715_81G02/2025
USA/VT-25-006305-WGS-01/2025	XFG	MC.20 + XFG.3	1BP	results/recombinhunt_output/sars-cov-2/dist0size0/all/structured_reports/case_58_XFG_USA/VT-25-006305-WGS-01/2025
IGS-10285-CVDP-0E8038B3-F107-4098-A428-711708784AC4	XFG	XFG.2 + KP.3.1.1	1BP	results/recombinhunt_output/sars-cov-2/dist0size0/all/structured_reports/case_58_XFG_IGS-10285-CVDP-0E8038B3-F107-4098-A428-711708784AC4
IGS-10285-CVDP-34E9F1FA-26B3-4AD3-BB29-6A6F16FA356F	XFG	XFG.3 + BY.1 + XFG.3	2BP	results/recombinhunt_output/sars-cov-2/dist0size0/all/structured_reports/case_58_XFG_IGS-10285-CVDP-34E9F1FA-26B3-4AD3-BB29-6A6F16FA356F
IGS-10285-CVDP-6445BD5D-CEF7-4760-9DC3-A57A77560482	XFG	XFG.3 + CV.1 + XFG.3	2BP	results/recombinhunt_output/sars-cov-2/dist0size0/all/structured_reports/case_58_XFG_IGS-10285-CVDP-6445BD5D-CEF7-4760-9DC3-A57A77560482
IGS-10285-CVDP-AECC2415-2C37-4298-B483-C570A97B84D9	XFG	JN.11 + LF.7	1BP	results/recombinhunt_output/sars-cov-2/dist0size0/all/structured_reports/case_58_XFG_IGS-10285-CVDP-AECC2415-2C37-4298-B483-C570A97B84D9
IGS-10285-CVDP-C599AD85-A1B5-4508-ABD3-28AF4ABD7F3A	XFG	LB.1.3.5 + XFG.3	1BP	results/recombinhunt_output/sars-cov-2/dist0size0/all/structured_reports/case_58_XFG_IGS-10285-CVDP-C599AD85-A1B5-4508-ABD3-28AF4ABD7F3A
OZ255297	XEK	XEK.1 + XEC.2	1BP	results/recombinhunt_output/sars-cov-2/dist0size0/all/structured_reports/case_63_XEK_OZ255297
USA/2025CV0302/2025	XEK	XEK.1 + FD.1.1 + XEK.1	2BP	results/recombinhunt_output/sars-cov-2/dist0size0/all/structured_reports/case_63_XEK_USA/2025CV0302/2025
USA/CA-CDPH-500147163/2025	XEK	XEC.18 + KP.2.3 + XEC.18	2BP	results/recombinhunt_output/sars-cov-2/dist0size0/all/structured_reports/case_63_XEK_USA/CA-CDPH-500147163/2025
USA/CA-LACPHL-AY11146/2025	XEK	XEK.1 + KP.2.6.2	1BP	results/recombinhunt_output/sars-cov-2/dist0size0/all/structured_reports/case_63_XEK_USA/CA-LACPHL-AY11146/2025
USA/IL-CDC-LC1134516/2025	XEK	XEK.6 + XEC.2	1BP	results/recombinhunt_output/sars-cov-2/dist0size0/all/structured_reports/case_63_XEK_USA/IL-CDC-LC1134516/2025
USA/NY-PRL-250415_83G08/2025	XEK	XEK.6 + KP.3.3.10 + XEK.6	2BP	results/recombinhunt_output/sars-cov-2/dist0size0/all/structured_reports/case_63_XEK_USA/NY-PRL-250415_83G08/2025
IGS-10285-CVDP-5E07523F-5968-4EAF-99D3-0FF692B7D24D	XEK	XEK.5 + B.1.1.434 + XEK.5	2BP	results/recombinhunt_output/sars-cov-2/dist0size0/all/structured_reports/case_63_XEK_IGS-10285-CVDP-5E07523F-5968-4EAF-99D3-0FF692B7D24D
Denmark/DCGC-692189/2025	XFB	KP.2.3 + XFB.3	1BP	results/recombinhunt_output/sars-cov-2/dist0size0/all/structured_reports/case_71_XFB_Denmark/DCGC-692189/2025
OZ285853	XFB	KP.3.1.1 + LF.7.1.8 + KP.3.1.1	2BP	results/recombinhunt_output/sars-cov-2/dist0size0/all/structured_reports/case_71_XFB_OZ285853
BHR/25000004638/2025	XEC	XEC.8 + XEC.2	1BP	results/recombinhunt_output/sars-cov-2/dist0size0/all/structured_reports/case_72_XEC_BHR/25000004638/2025
BHR/25020232316/2025	XEC	XEC.2 + XEC.25 + XEC.2	2BP	results/recombinhunt_output/sars-cov-2/dist0size0/all/structured_reports/case_72_XEC_BHR/25020232316/2025
BHR/25040003778/2025	XEC	NM.1 + XEC.13	1BP	results/recombinhunt_output/sars-cov-2/dist0size0/all/structured_reports/case_72_XEC_BHR/25040003778/2025
Denmark/DCGC-692047/2025	XEC	XEC.25 + XEC.2	1BP	results/recombinhunt_output/sars-cov-2/dist0size0/all/structured_reports/case_72_XEC_Denmark/DCGC-692047/2025
Denmark/DCGC-692052/2025	XEC	XEC.24 + JN.1 + XEC.24	2BP	results/recombinhunt_output/sars-cov-2/dist0size0/all/structured_reports/case_72_XEC_Denmark/DCGC-692052/2025
Denmark/DCGC-692055/2025	XEC	XEC.2 + XEC.25 + XEC.2	2BP	results/recombinhunt_output/sars-cov-2/dist0size0/all/structured_reports/case_72_XEC_Denmark/DCGC-692055/2025
Denmark/DCGC-692133/2025	XEC	LB.1.4.1 + XEC.2	1BP	results/recombinhunt_output/sars-cov-2/dist0size0/all/structured_reports/case_72_XEC_Denmark/DCGC-692133/2025
Denmark/DCGC-692246/2025	XEC	KP.3.1.1 + XEC.2	1BP	results/recombinhunt_output/sars-cov-2/dist0size0/all/structured_reports/case_72_XEC_Denmark/DCGC-692246/2025
Japan/BRL25-0126/2025	XEC	KP.3.1.1 + XEC.2	1BP	results/recombinhunt_output/sars-cov-2/dist0size0/all/structured_reports/case_72_XEC_Japan/BRL25-0126/2025
Japan/BRL25-0174/2025	XEC	XEC.15 + XEL.3	1BP	results/recombinhunt_output/sars-cov-2/dist0size0/all/structured_reports/case_72_XEC_Japan/BRL25-0174/2025
OZ247414	XEC	XEC.36 + XEC.14	1BP	results/recombinhunt_output/sars-cov-2/dist0size0/all/structured_reports/case_72_XEC_OZ247414
OZ247419	XEC	XFB.3 + XEC.18	1BP	results/recombinhunt_output/sars-cov-2/dist0size0/all/structured_reports/case_72_XEC_OZ247419
OZ247681	XEC	XEC.8 + LF.4	1BP	results/recombinhunt_output/sars-cov-2/dist0size0/all/structured_reports/case_72_XEC_OZ247681
OZ247716	XEC	XEC.30 + XEC.2	1BP	results/recombinhunt_output/sars-cov-2/dist0size0/all/structured_reports/case_72_XEC_OZ247716
OZ247800	XEC	KP.2.3.10 + XEC.14	1BP	results/recombinhunt_output/sars-cov-2/dist0size0/all/structured_reports/case_72_XEC_OZ247800
OZ249457	XEC	XEC.32 + XEC.2	1BP	results/recombinhunt_output/sars-cov-2/dist0size0/all/structured_reports/case_72_XEC_OZ249457
OZ249462	XEC	XEC.8 + LF.4	1BP	results/recombinhunt_output/sars-cov-2/dist0size0/all/structured_reports/case_72_XEC_OZ249462
OZ249475	XEC	XEC.4.3 + XEC.2	1BP	results/recombinhunt_output/sars-cov-2/dist0size0/all/structured_reports/case_72_XEC_OZ249475
OZ249692	XEC	XEC.8 + LF.4	1BP	results/recombinhunt_output/sars-cov-2/dist0size0/all/structured_reports/case_72_XEC_OZ249692
OZ249699	XEC	XEC.32 + XEC.2	1BP	results/recombinhunt_output/sars-cov-2/dist0size0/all/structured_reports/case_72_XEC_OZ249699
OZ249708	XEC	XEC.8 + LF.4	1BP	results/recombinhunt_output/sars-cov-2/dist0size0/all/structured_reports/case_72_XEC_OZ249708
OZ249750	XEC	XEC.8 + LF.4	1BP	results/recombinhunt_output/sars-cov-2/dist0size0/all/structured_reports/case_72_XEC_OZ249750
OZ252346	XEC	KP.3.3 + XEC.30	1BP	results/recombinhunt_output/sars-cov-2/dist0size0/all/structured_reports/case_72_XEC_OZ252346
OZ252347	XEC	KP.3.3 + XEC.2	1BP	results/recombinhunt_output/sars-cov-2/dist0size0/all/structured_reports/case_72_XEC_OZ252347
OZ252376	XEC	XFG.3 + XEC.17	1BP	results/recombinhunt_output/sars-cov-2/dist0size0/all/structured_reports/case_72_XEC_OZ252376
OZ252580	XEC	XEC.4 + XEC.2	1BP	results/recombinhunt_output/sars-cov-2/dist0size0/all/structured_reports/case_72_XEC_OZ252580
OZ253886	XEC	XEC.11 + XEC.2	1BP	results/recombinhunt_output/sars-cov-2/dist0size0/all/structured_reports/case_72_XEC_OZ253886
OZ253899,OZ253916	XEC	XEC.6 + XEC.2	1BP	results/recombinhunt_output/sars-cov-2/dist0size0/all/structured_reports/case_72_XEC_OZ253899
OZ253914	XEC	XEC.6 + XEC.2	1BP	results/recombinhunt_output/sars-cov-2/dist0size0/all/structured_reports/case_72_XEC_OZ253914
OZ253899,OZ253916	XEC	XEC.6 + XEC.2	1BP	results/recombinhunt_output/sars-cov-2/dist0size0/all/structured_reports/case_72_XEC_OZ253899
OZ253930	XEC	XEC.6 + XEC.2	1BP	results/recombinhunt_output/sars-cov-2/dist0size0/all/structured_reports/case_72_XEC_OZ253930
OZ255358	XEC	XEC.29 + KP.3.1.1	1BP	results/recombinhunt_output/sars-cov-2/dist0size0/all/structured_reports/case_72_XEC_OZ255358
OZ256652	XEC	XEC.6 + XEC.2	1BP	results/recombinhunt_output/sars-cov-2/dist0size0/all/structured_reports/case_72_XEC_OZ256652
OZ259254	XEC	XEC.6 + XEC.2	1BP	results/recombinhunt_output/sars-cov-2/dist0size0/all/structured_reports/case_72_XEC_OZ259254
OZ260197	XEC	XEC.39 + XEK.5	1BP	results/recombinhunt_output/sars-cov-2/dist0size0/all/structured_reports/case_72_XEC_OZ260197
USA/2607442/2025	XEC	BA.5.11 + XEC.18	1BP	results/recombinhunt_output/sars-cov-2/dist0size0/all/structured_reports/case_72_XEC_USA/2607442/2025
USA/AL-CDC-LC1136375/2025	XEC	ML.2 + XEC.8	1BP	results/recombinhunt_output/sars-cov-2/dist0size0/all/structured_reports/case_72_XEC_USA/AL-CDC-LC1136375/2025
USA/AZ-CDC-LC1136724/2025	XEC	XEC.2.1 + JN.1.4 + XEC.2.1	2BP	results/recombinhunt_output/sars-cov-2/dist0size0/all/structured_reports/case_72_XEC_USA/AZ-CDC-LC1136724/2025
USA/CA-CDC-2-8448546/2025	XEC	KP.3.3 + MC.33.1 + KP.3.3	2BP	results/recombinhunt_output/sars-cov-2/dist0size0/all/structured_reports/case_72_XEC_USA/CA-CDC-2-8448546/2025
USA/CA-CDPH-500146638/2025	XEC	XEC.38 + XEC.2	1BP	results/recombinhunt_output/sars-cov-2/dist0size0/all/structured_reports/case_72_XEC_USA/CA-CDPH-500146638/2025
USA/CA-CDPH-500146752/2025	XEC	XEC.14 + GW.5.2 + XEC.14	2BP	results/recombinhunt_output/sars-cov-2/dist0size0/all/structured_reports/case_72_XEC_USA/CA-CDPH-500146752/2025
USA/CA-CDPH-500146814/2025	XEC	XEC.8 + ML.1	1BP	results/recombinhunt_output/sars-cov-2/dist0size0/all/structured_reports/case_72_XEC_USA/CA-CDPH-500146814/2025
USA/CA-CDPH-500146886/2025	XEC	XEC.8 + LC.1 + XEC.8	2BP	results/recombinhunt_output/sars-cov-2/dist0size0/all/structured_reports/case_72_XEC_USA/CA-CDPH-500146886/2025
USA/CA-CDPH-500146959/2025	XEC	XEC.4.3 + XEC.28	1BP	results/recombinhunt_output/sars-cov-2/dist0size0/all/structured_reports/case_72_XEC_USA/CA-CDPH-500146959/2025
USA/CA-CDPH-500146960/2025	XEC	XEC.4.3 + XEC.14	1BP	results/recombinhunt_output/sars-cov-2/dist0size0/all/structured_reports/case_72_XEC_USA/CA-CDPH-500146960/2025
USA/CA-CDPH-500146970/2025	XEC	XEC.4 + MC.11	1BP	results/recombinhunt_output/sars-cov-2/dist0size0/all/structured_reports/case_72_XEC_USA/CA-CDPH-500146970/2025
USA/CA-CDPH-500146971/2025	XEC	XEC.32 + XBB.1.5.32 + XEC.32	2BP	results/recombinhunt_output/sars-cov-2/dist0size0/all/structured_reports/case_72_XEC_USA/CA-CDPH-500146971/2025
USA/CA-CDPH-500146973/2025	XEC	XBB.2.3.11 + XEC.32	1BP	results/recombinhunt_output/sars-cov-2/dist0size0/all/structured_reports/case_72_XEC_USA/CA-CDPH-500146973/2025
USA/CA-CDPH-500147141/2025	XEC	BF.7.14.4 + XEC.2	1BP	results/recombinhunt_output/sars-cov-2/dist0size0/all/structured_reports/case_72_XEC_USA/CA-CDPH-500147141/2025
USA/CA-LACPHL-AY11141/2025	XEC	XEC.2 + XEC.4.1 + XEC.2	2BP	results/recombinhunt_output/sars-cov-2/dist0size0/all/structured_reports/case_72_XEC_USA/CA-LACPHL-AY11141/2025
USA/CA-LACPHL-AY11147/2025,USA/PA-CDC-LC1136112/2025,USA/VT-CDC-2-8397830/2025	XEC	XEC.33 + XEC.2	1BP	results/recombinhunt_output/sars-cov-2/dist0size0/all/structured_reports/case_72_XEC_USA/CA-LACPHL-AY11147/2025
USA/CA-LACPHL-AY11224/2025	XEC	XEC.22 + KP.3.3	1BP	results/recombinhunt_output/sars-cov-2/dist0size0/all/structured_reports/case_72_XEC_USA/CA-LACPHL-AY11224/2025
USA/CA-LACPHL-AY11296/2025	XEC	XEC.4 + BF.5.2	1BP	results/recombinhunt_output/sars-cov-2/dist0size0/all/structured_reports/case_72_XEC_USA/CA-LACPHL-AY11296/2025
USA/CA-LACPHL-AY11453/2025	XEC	XEC.4 + XEC.2	1BP	results/recombinhunt_output/sars-cov-2/dist0size0/all/structured_reports/case_72_XEC_USA/CA-LACPHL-AY11453/2025
USA/CA-LACPHL-AY11538/2025	XEC	XEC.2 + XEC.9 + XEC.2	2BP	results/recombinhunt_output/sars-cov-2/dist0size0/all/structured_reports/case_72_XEC_USA/CA-LACPHL-AY11538/2025
USA/CA-LACPHL-AY12004/2025,USA/NJ-CDC-LC1134732/2025	XEC	KP.2.5 + XEC.14	1BP	results/recombinhunt_output/sars-cov-2/dist0size0/all/structured_reports/case_72_XEC_USA/CA-LACPHL-AY12004/2025
USA/CA-LACPHL-AY12040/2025	XEC	XEC.4 + XEC.2	1BP	results/recombinhunt_output/sars-cov-2/dist0size0/all/structured_reports/case_72_XEC_USA/CA-LACPHL-AY12040/2025
USA/CA-LACPHL-AY12077/2025	XEC	XEC.5 + XEC.2	1BP	results/recombinhunt_output/sars-cov-2/dist0size0/all/structured_reports/case_72_XEC_USA/CA-LACPHL-AY12077/2025
USA/DC-CDC-2-8448731/2025	XEC	XEC.33 + XEC.2	1BP	results/recombinhunt_output/sars-cov-2/dist0size0/all/structured_reports/case_72_XEC_USA/DC-CDC-2-8448731/2025
USA/DE-CDC-LC1136200/2025	XEC	XEC.32 + LZ.5	1BP	results/recombinhunt_output/sars-cov-2/dist0size0/all/structured_reports/case_72_XEC_USA/DE-CDC-LC1136200/2025
USA/DE-USAFSAM-S23724/2025	XEC	XEC.32 + LZ.5	1BP	results/recombinhunt_output/sars-cov-2/dist0size0/all/structured_reports/case_72_XEC_USA/DE-USAFSAM-S23724/2025
USA/FL-CDC-LC1136791/2025	XEC	KP.3.1.1 + XEC.25	1BP	results/recombinhunt_output/sars-cov-2/dist0size0/all/structured_reports/case_72_XEC_USA/FL-CDC-LC1136791/2025
USA/IL-RIPHL_124021_G/2025	XEC	KP.2.2 + XEC.2	1BP	results/recombinhunt_output/sars-cov-2/dist0size0/all/structured_reports/case_72_XEC_USA/IL-RIPHL_124021_G/2025
USA/IL-RIPHL_124096_G/2025	XEC	KP.2.3.7 + XEC.14	1BP	results/recombinhunt_output/sars-cov-2/dist0size0/all/structured_reports/case_72_XEC_USA/IL-RIPHL_124096_G/2025
USA/IL-RIPHL_124110_G/2025	XEC	KP.2.3.7 + XEC.14	1BP	results/recombinhunt_output/sars-cov-2/dist0size0/all/structured_reports/case_72_XEC_USA/IL-RIPHL_124110_G/2025
USA/IL-RIPHL_124115_G/2025	XEC	JN.1.61 + XEC.2	1BP	results/recombinhunt_output/sars-cov-2/dist0size0/all/structured_reports/case_72_XEC_USA/IL-RIPHL_124115_G/2025
USA/IL-USAFSAM-S23723/2025	XEC	XEC.4 + JN.1.39 + XEC.4	2BP	results/recombinhunt_output/sars-cov-2/dist0size0/all/structured_reports/case_72_XEC_USA/IL-USAFSAM-S23723/2025
USA/IVY-G25Y94R9/2025	XEC	XEC.2 + XEC.18 + XEC.2	2BP	results/recombinhunt_output/sars-cov-2/dist0size0/all/structured_reports/case_72_XEC_USA/IVY-G25Y94R9/2025
USA/IVY-G25Y98H5/2025	XEC	XEC.15 + XEC.2	1BP	results/recombinhunt_output/sars-cov-2/dist0size0/all/structured_reports/case_72_XEC_USA/IVY-G25Y98H5/2025
USA/IVY-G25Z06J6/2025	XEC	XEC.33 + XEC.2	1BP	results/recombinhunt_output/sars-cov-2/dist0size0/all/structured_reports/case_72_XEC_USA/IVY-G25Z06J6/2025
USA/LA-CDC-2-8448566/2025	XEC	XEC.9 + XEC.2	1BP	results/recombinhunt_output/sars-cov-2/dist0size0/all/structured_reports/case_72_XEC_USA/LA-CDC-2-8448566/2025
USA/LA-CDC-LC1137035/2025	XEC	KP.2.5 + XEC.14	1BP	results/recombinhunt_output/sars-cov-2/dist0size0/all/structured_reports/case_72_XEC_USA/LA-CDC-LC1137035/2025
USA/MA-MASPHL-13857/2025	XEC	XEC.2 + JN.1.4	1BP	results/recombinhunt_output/sars-cov-2/dist0size0/all/structured_reports/case_72_XEC_USA/MA-MASPHL-13857/2025
USA/MA-MASPHL-13878/2025	XEC	XEC.31 + JN.1.1 + XEC.31	2BP	results/recombinhunt_output/sars-cov-2/dist0size0/all/structured_reports/case_72_XEC_USA/MA-MASPHL-13878/2025
USA/MA-MASPHL-13989/2025	XEC	XEC.19 + KP.2.3 + XEC.19	2BP	results/recombinhunt_output/sars-cov-2/dist0size0/all/structured_reports/case_72_XEC_USA/MA-MASPHL-13989/2025
USA/MI-MDHHS-SC45757/2025	XEC	KP.3.1.1 + XEC.19	1BP	results/recombinhunt_output/sars-cov-2/dist0size0/all/structured_reports/case_72_XEC_USA/MI-MDHHS-SC45757/2025
USA/MI-UM-10063263439/2025	XEC	XEC.8 + XEC.2	1BP	results/recombinhunt_output/sars-cov-2/dist0size0/all/structured_reports/case_72_XEC_USA/MI-UM-10063263439/2025
USA/MN-MDH-46757/2025	XEC	XEC.32 + BR.3 + XEC.32	2BP	results/recombinhunt_output/sars-cov-2/dist0size0/all/structured_reports/case_72_XEC_USA/MN-MDH-46757/2025
USA/MT-MTPHL-4166796/2025	XEC	XEC.4.6 + XEC.2	1BP	results/recombinhunt_output/sars-cov-2/dist0size0/all/structured_reports/case_72_XEC_USA/MT-MTPHL-4166796/2025
USA/NC-CDC-LC1136794/2025	XEC	MC.24 + XEC.2	1BP	results/recombinhunt_output/sars-cov-2/dist0size0/all/structured_reports/case_72_XEC_USA/NC-CDC-LC1136794/2025
USA/CA-LACPHL-AY12004/2025,USA/NJ-CDC-LC1134732/2025	XEC	KP.2.5 + XEC.14	1BP	results/recombinhunt_output/sars-cov-2/dist0size0/all/structured_reports/case_72_XEC_USA/CA-LACPHL-AY12004/2025
USA/NMDOH-2025013208/2025	XEC	KP.3.1.1 + XEC.27	1BP	results/recombinhunt_output/sars-cov-2/dist0size0/all/structured_reports/case_72_XEC_USA/NMDOH-2025013208/2025
USA/NY-CDC-LC1135259/2025	XEC	KP.3.3 + KS.1 + KP.3.3	2BP	results/recombinhunt_output/sars-cov-2/dist0size0/all/structured_reports/case_72_XEC_USA/NY-CDC-LC1135259/2025
USA/NY-CDC-LC1136530/2025	XEC	BQ.1.1.7 + XEC.8	1BP	results/recombinhunt_output/sars-cov-2/dist0size0/all/structured_reports/case_72_XEC_USA/NY-CDC-LC1136530/2025
USA/NY-CDC-LC1136873/2025	XEC	XEC.9 + XEC.2	1BP	results/recombinhunt_output/sars-cov-2/dist0size0/all/structured_reports/case_72_XEC_USA/NY-CDC-LC1136873/2025
USA/NY-NYCPHL-019769/2025	XEC	BA.5.1.30 + XEC.2	1BP	results/recombinhunt_output/sars-cov-2/dist0size0/all/structured_reports/case_72_XEC_USA/NY-NYCPHL-019769/2025
USA/NY-PRL-250318_81E02/2025	XEC	XEC.18.3 + XEC.2	1BP	results/recombinhunt_output/sars-cov-2/dist0size0/all/structured_reports/case_72_XEC_USA/NY-PRL-250318_81E02/2025
USA/NY-PRL-250318_81E03/2025	XEC	XBC.1.3.1 + XEC.14	1BP	results/recombinhunt_output/sars-cov-2/dist0size0/all/structured_reports/case_72_XEC_USA/NY-PRL-250318_81E03/2025
USA/NY-PRL-250325_82H02/2025	XEC	XEC.2 + XEC.25 + XEC.2	2BP	results/recombinhunt_output/sars-cov-2/dist0size0/all/structured_reports/case_72_XEC_USA/NY-PRL-250325_82H02/2025
USA/NY-PRL-250401_82H04/2025	XEC	XEC.2 + B.1.561 + XEC.2	2BP	results/recombinhunt_output/sars-cov-2/dist0size0/all/structured_reports/case_72_XEC_USA/NY-PRL-250401_82H04/2025
USA/NY-PRL-250422_82D10/2025	XEC	XEC.9 + XEC.2	1BP	results/recombinhunt_output/sars-cov-2/dist0size0/all/structured_reports/case_72_XEC_USA/NY-PRL-250422_82D10/2025
USA/NY-PRL-250506_81E06/2025	XEC	KP.3.3 + XEC.2	1BP	results/recombinhunt_output/sars-cov-2/dist0size0/all/structured_reports/case_72_XEC_USA/NY-PRL-250506_81E06/2025
USA/OK-CDC-2-8448976/2025	XEC	JN.1.38 + XEC.2	1BP	results/recombinhunt_output/sars-cov-2/dist0size0/all/structured_reports/case_72_XEC_USA/OK-CDC-2-8448976/2025
USA/OK-CDC-2-8506526/2025	XEC	XEC.15 + XEC.2	1BP	results/recombinhunt_output/sars-cov-2/dist0size0/all/structured_reports/case_72_XEC_USA/OK-CDC-2-8506526/2025
USA/OSPHL10236/2025	XEC	XEC.30 + XEC.2	1BP	results/recombinhunt_output/sars-cov-2/dist0size0/all/structured_reports/case_72_XEC_USA/OSPHL10236/2025
USA/PA-CDC-LC1136045/2025	XEC	XEC.29 + XEC.39	1BP	results/recombinhunt_output/sars-cov-2/dist0size0/all/structured_reports/case_72_XEC_USA/PA-CDC-LC1136045/2025
USA/CA-LACPHL-AY11147/2025,USA/PA-CDC-LC1136112/2025,USA/VT-CDC-2-8397830/2025	XEC	XEC.33 + XEC.2	1BP	results/recombinhunt_output/sars-cov-2/dist0size0/all/structured_reports/case_72_XEC_USA/CA-LACPHL-AY11147/2025
USA/PA-CDC-LC1136147/2025	XEC	JN.1 + XEC.2	1BP	results/recombinhunt_output/sars-cov-2/dist0size0/all/structured_reports/case_72_XEC_USA/PA-CDC-LC1136147/2025
USA/SC-CDC-2-8448555/2025	XEC	KS.1.1.1 + XEC.13	1BP	results/recombinhunt_output/sars-cov-2/dist0size0/all/structured_reports/case_72_XEC_USA/SC-CDC-2-8448555/2025
USA/SC-CDC-LC1134656/2025	XEC	XEC.18 + XEC.27	1BP	results/recombinhunt_output/sars-cov-2/dist0size0/all/structured_reports/case_72_XEC_USA/SC-CDC-LC1134656/2025
USA/SD-CDC-2-8398256/2025	XEC	JN.1.59 + XEC.14	1BP	results/recombinhunt_output/sars-cov-2/dist0size0/all/structured_reports/case_72_XEC_USA/SD-CDC-2-8398256/2025
USA/TN-CDC-LC1135518/2025	XEC	XEC.4.3 + XEC.2	1BP	results/recombinhunt_output/sars-cov-2/dist0size0/all/structured_reports/case_72_XEC_USA/TN-CDC-LC1135518/2025
USA/TN-SPHL-1120/2025	XEC	KP.3.3 + KP.2.2	1BP	results/recombinhunt_output/sars-cov-2/dist0size0/all/structured_reports/case_72_XEC_USA/TN-SPHL-1120/2025
USA/TX-USAFSAM-S23573/2025	XEC	XEC.39 + MC.28.1.1	1BP	results/recombinhunt_output/sars-cov-2/dist0size0/all/structured_reports/case_72_XEC_USA/TX-USAFSAM-S23573/2025
USA/VA-CAV_VAS3N_00022765_01/2025	XEC	LE.1 + XEC.18	1BP	results/recombinhunt_output/sars-cov-2/dist0size0/all/structured_reports/case_72_XEC_USA/VA-CAV_VAS3N_00022765_01/2025
USA/VA-USAFSAM-S23569/2025	XEC	KP.3.1.1 + XEC.2	1BP	results/recombinhunt_output/sars-cov-2/dist0size0/all/structured_reports/case_72_XEC_USA/VA-USAFSAM-S23569/2025
USA/VT-25-003495-WGS-01/2025	XEC	XEC.33 + XEC.2	1BP	results/recombinhunt_output/sars-cov-2/dist0size0/all/structured_reports/case_72_XEC_USA/VT-25-003495-WGS-01/2025
USA/VT-25-003503-WGS-01/2025	XEC	XEC.33 + XEC.2	1BP	results/recombinhunt_output/sars-cov-2/dist0size0/all/structured_reports/case_72_XEC_USA/VT-25-003503-WGS-01/2025
USA/VT-25-003998-WGS-01/2025	XEC	XEC.22 + XEC.2	1BP	results/recombinhunt_output/sars-cov-2/dist0size0/all/structured_reports/case_72_XEC_USA/VT-25-003998-WGS-01/2025
USA/CA-LACPHL-AY11147/2025,USA/PA-CDC-LC1136112/2025,USA/VT-CDC-2-8397830/2025	XEC	XEC.33 + XEC.2	1BP	results/recombinhunt_output/sars-cov-2/dist0size0/all/structured_reports/case_72_XEC_USA/CA-LACPHL-AY11147/2025
IGS-10285-CVDP-0398E8C9-B516-48A2-86FD-3E54BF5C21F7	XEC	KP.3.1.1 + XEC.9	1BP	results/recombinhunt_output/sars-cov-2/dist0size0/all/structured_reports/case_72_XEC_IGS-10285-CVDP-0398E8C9-B516-48A2-86FD-3E54BF5C21F7
IGS-10285-CVDP-336E7E7C-A753-4F02-8767-9C96D4FFF043,IGS-10285-CVDP-E2444256-1150-4F22-B316-62EE246B0240	XEC	KP.2.3.13 + XEC.14	1BP	results/recombinhunt_output/sars-cov-2/dist0size0/all/structured_reports/case_72_XEC_IGS-10285-CVDP-336E7E7C-A753-4F02-8767-9C96D4FFF043
IGS-10285-CVDP-3F05C326-1A96-41EB-A33D-E8C815FBAD27	XEC	JN.1.7.5 + XEC.2	1BP	results/recombinhunt_output/sars-cov-2/dist0size0/all/structured_reports/case_72_XEC_IGS-10285-CVDP-3F05C326-1A96-41EB-A33D-E8C815FBAD27
IGS-10285-CVDP-4CC641EA-D8D1-4993-9310-51B7F11A72A7	XEC	XEC.14 + JG.2 + XEC.14	2BP	results/recombinhunt_output/sars-cov-2/dist0size0/all/structured_reports/case_72_XEC_IGS-10285-CVDP-4CC641EA-D8D1-4993-9310-51B7F11A72A7
IGS-10285-CVDP-5514ABAB-1EBE-40B9-AD35-BB8653DA8DC4	XEC	XEC.2 + XEC.1 + XEC.2	2BP	results/recombinhunt_output/sars-cov-2/dist0size0/all/structured_reports/case_72_XEC_IGS-10285-CVDP-5514ABAB-1EBE-40B9-AD35-BB8653DA8DC4
IGS-10285-CVDP-5D565D61-4013-4E04-BC27-A4C69F4AEB42	XEC	XEC.14 + JG.2 + XEC.14	2BP	results/recombinhunt_output/sars-cov-2/dist0size0/all/structured_reports/case_72_XEC_IGS-10285-CVDP-5D565D61-4013-4E04-BC27-A4C69F4AEB42
IGS-10285-CVDP-7035C5F5-2143-4E09-9861-E8C8C4DF8C86	XEC	KP.2.3.13 + XEC.14	1BP	results/recombinhunt_output/sars-cov-2/dist0size0/all/structured_reports/case_72_XEC_IGS-10285-CVDP-7035C5F5-2143-4E09-9861-E8C8C4DF8C86
IGS-10285-CVDP-BA12F5F9-8A6C-421B-9AED-9577268198D2	XEC	NY.13 + XEC.2	1BP	results/recombinhunt_output/sars-cov-2/dist0size0/all/structured_reports/case_72_XEC_IGS-10285-CVDP-BA12F5F9-8A6C-421B-9AED-9577268198D2
IGS-10285-CVDP-C9583D6A-0A9C-425E-AAB8-A1943D5F1208	XEC	XEC.18 + XEK.1	1BP	results/recombinhunt_output/sars-cov-2/dist0size0/all/structured_reports/case_72_XEC_IGS-10285-CVDP-C9583D6A-0A9C-425E-AAB8-A1943D5F1208
IGS-10285-CVDP-D4306C2B-0C5B-4513-BF63-848147D0A912	XEC	XEC.32 + KP.3.3.4	1BP	results/recombinhunt_output/sars-cov-2/dist0size0/all/structured_reports/case_72_XEC_IGS-10285-CVDP-D4306C2B-0C5B-4513-BF63-848147D0A912
IGS-10285-CVDP-336E7E7C-A753-4F02-8767-9C96D4FFF043,IGS-10285-CVDP-E2444256-1150-4F22-B316-62EE246B0240	XEC	KP.2.3.13 + XEC.14	1BP	results/recombinhunt_output/sars-cov-2/dist0size0/all/structured_reports/case_72_XEC_IGS-10285-CVDP-336E7E7C-A753-4F02-8767-9C96D4FFF043
IGS-10285-CVDP-F81870C3-13A3-4CE6-8567-7BF50276D37D	XEC	XEC.39 + XEC.2	1BP	results/recombinhunt_output/sars-cov-2/dist0size0/all/structured_reports/case_72_XEC_IGS-10285-CVDP-F81870C3-13A3-4CE6-8567-7BF50276D37D
OZ288079	XFC	XFC.1 + JN.1.9 + XFC.1	2BP	results/recombinhunt_output/sars-cov-2/dist0size0/all/structured_reports/case_78_XFC_OZ288079
OZ288142	XFC	XFC.1 + JN.1.9 + XFC.1	2BP	results/recombinhunt_output/sars-cov-2/dist0size0/all/structured_reports/case_78_XFC_OZ288142
USA/CA-LACPHL-AY11434/2025	XFC	LP.8.1 + XFC.1	1BP	results/recombinhunt_output/sars-cov-2/dist0size0/all/structured_reports/case_78_XFC_USA/CA-LACPHL-AY11434/2025
USA/CA-LACPHL-AY11873/2025	XFC	XFC.1 + JN.1.9	1BP	results/recombinhunt_output/sars-cov-2/dist0size0/all/structured_reports/case_78_XFC_USA/CA-LACPHL-AY11873/2025
USA/CA-LACPHL-AY11904/2025	XFC	XFC.1 + JN.1.9	1BP	results/recombinhunt_output/sars-cov-2/dist0size0/all/structured_reports/case_78_XFC_USA/CA-LACPHL-AY11904/2025
USA/CA-LACPHL-AY12024/2025	XFC	XFC.1 + JN.1.9	1BP	results/recombinhunt_output/sars-cov-2/dist0size0/all/structured_reports/case_78_XFC_USA/CA-LACPHL-AY12024/2025
USA/CA-LACPHL-AY12139/2025	XFC	NY.3 + XFC.1	1BP	results/recombinhunt_output/sars-cov-2/dist0size0/all/structured_reports/case_78_XFC_USA/CA-LACPHL-AY12139/2025
USA/CA-LACPHL-AY12211/2025	XFC	XFC.1 + JN.1.9	1BP	results/recombinhunt_output/sars-cov-2/dist0size0/all/structured_reports/case_78_XFC_USA/CA-LACPHL-AY12211/2025
USA/CA-LACPHL-AY12402/2025	XFC	XFC.1 + JN.1.9	1BP	results/recombinhunt_output/sars-cov-2/dist0size0/all/structured_reports/case_78_XFC_USA/CA-LACPHL-AY12402/2025
USA/CA-LACPHL-AY12567/2025	XFC	XFC.1 + JN.1.7 + XFC.1	2BP	results/recombinhunt_output/sars-cov-2/dist0size0/all/structured_reports/case_78_XFC_USA/CA-LACPHL-AY12567/2025
USA/CA-LACPHL-AY12730/2025	XFC	XFC.1 + JN.1.9	1BP	results/recombinhunt_output/sars-cov-2/dist0size0/all/structured_reports/case_78_XFC_USA/CA-LACPHL-AY12730/2025
USA/CA-LACPHL-AY13055/2025	XFC	LP.8.1.1 + XFC.1	1BP	results/recombinhunt_output/sars-cov-2/dist0size0/all/structured_reports/case_78_XFC_USA/CA-LACPHL-AY13055/2025
USA/CA-LACPHL-AY13072/2025	XFC	XFC.1 + JN.1.9	1BP	results/recombinhunt_output/sars-cov-2/dist0size0/all/structured_reports/case_78_XFC_USA/CA-LACPHL-AY13072/2025
USA/IVY-G25Z05G8/2025	XFC	XFC.1 + MC.25 + XFC.1	2BP	results/recombinhunt_output/sars-cov-2/dist0size0/all/structured_reports/case_78_XFC_USA/IVY-G25Z05G8/2025
USA/MA-MASPHL-14198/2025	XFC	JN.1.16.1 + XFC.1	1BP	results/recombinhunt_output/sars-cov-2/dist0size0/all/structured_reports/case_78_XFC_USA/MA-MASPHL-14198/2025
USA/MA-MASPHL-14204/2025	XFC	XFC.1 + NY.9 + XFC.1	2BP	results/recombinhunt_output/sars-cov-2/dist0size0/all/structured_reports/case_78_XFC_USA/MA-MASPHL-14204/2025
USA/MA-MASPHL-14213/2025	XFC	JN.1.16.1 + XFC.1	1BP	results/recombinhunt_output/sars-cov-2/dist0size0/all/structured_reports/case_78_XFC_USA/MA-MASPHL-14213/2025
USA/MN-MDH-46633/2025	XFC	XEC.28 + XFC.1	1BP	results/recombinhunt_output/sars-cov-2/dist0size0/all/structured_reports/case_78_XFC_USA/MN-MDH-46633/2025
USA/MN-MDH-46650/2025,USA/MN-MDH-46839/2025,USA/MN-MDH-47199/2025	XFC	XFC.1 + MC.25 + XFC.1	2BP	results/recombinhunt_output/sars-cov-2/dist0size0/all/structured_reports/case_78_XFC_USA/MN-MDH-46650/2025
USA/MN-MDH-46834/2025	XFC	LP.8.1 + XFC.1	1BP	results/recombinhunt_output/sars-cov-2/dist0size0/all/structured_reports/case_78_XFC_USA/MN-MDH-46834/2025
USA/MN-MDH-46650/2025,USA/MN-MDH-46839/2025,USA/MN-MDH-47199/2025	XFC	XFC.1 + MC.25 + XFC.1	2BP	results/recombinhunt_output/sars-cov-2/dist0size0/all/structured_reports/case_78_XFC_USA/MN-MDH-46650/2025
USA/MN-MDH-46650/2025,USA/MN-MDH-46839/2025,USA/MN-MDH-47199/2025	XFC	XFC.1 + MC.25 + XFC.1	2BP	results/recombinhunt_output/sars-cov-2/dist0size0/all/structured_reports/case_78_XFC_USA/MN-MDH-46650/2025
USA/MN-MDH-47236/2025	XFC	LP.8.1 + XFC.1	1BP	results/recombinhunt_output/sars-cov-2/dist0size0/all/structured_reports/case_78_XFC_USA/MN-MDH-47236/2025
USA/MN-MDH-47239/2025	XFC	XFC.1 + MC.25 + XFC.1	2BP	results/recombinhunt_output/sars-cov-2/dist0size0/all/structured_reports/case_78_XFC_USA/MN-MDH-47239/2025
USA/NJ-CDC-LC1136665/2025	XFC	XFC.1 + MC.2 + XFC.1	2BP	results/recombinhunt_output/sars-cov-2/dist0size0/all/structured_reports/case_78_XFC_USA/NJ-CDC-LC1136665/2025
USA/NY-PRL-250415_82H03/2025	XFC	JN.4 + XFC.1	1BP	results/recombinhunt_output/sars-cov-2/dist0size0/all/structured_reports/case_78_XFC_USA/NY-PRL-250415_82H03/2025
USA/NY-PRL-250512_81H01/2025	XFC	XFC.1 + JN.1	1BP	results/recombinhunt_output/sars-cov-2/dist0size0/all/structured_reports/case_78_XFC_USA/NY-PRL-250512_81H01/2025
USA/CT-DPH-1298970001/2025	XFM	LF.7.9 + MC.1	1BP	results/recombinhunt_output/sars-cov-2/dist0size0/all/structured_reports/case_81_XFM_USA/CT-DPH-1298970001/2025
USA/NY-PRL-250422_82C10/2025	XFM	LF.7.9 + JN.1.2	1BP	results/recombinhunt_output/sars-cov-2/dist0size0/all/structured_reports/case_81_XFM_USA/NY-PRL-250422_82C10/2025
USA/CA-LACPHL-AY11366/2025	XFA	MC.1.1 + XEC.4.1.4	1BP	results/recombinhunt_output/sars-cov-2/dist0size0/all/structured_reports/case_90_XFA_USA/CA-LACPHL-AY11366/2025
OZ249780	XEV	XEC.18 + KP.2.3 + XEC.18	2BP	results/recombinhunt_output/sars-cov-2/dist0size0/all/structured_reports/case_97_XEV_OZ249780
USA/CA-LACPHL-AY11866/2025	XEV	KP.2.3.12 + KP.3.3	1BP	results/recombinhunt_output/sars-cov-2/dist0size0/all/structured_reports/case_97_XEV_USA/CA-LACPHL-AY11866/2025
USA/MN-MDH-46878/2025	XEV	MC.11.2 + XEC.18	1BP	results/recombinhunt_output/sars-cov-2/dist0size0/all/structured_reports/case_97_XEV_USA/MN-MDH-46878/2025
IGS-10285-CVDP-BE7CCBB1-AFB1-4DBD-B00A-60439A98F4F0	XEV	LF.7.7.2 + XEC.4	1BP	results/recombinhunt_output/sars-cov-2/dist0size0/all/structured_reports/case_97_XEV_IGS-10285-CVDP-BE7CCBB1-AFB1-4DBD-B00A-60439A98F4F0
USA/2025CV0191/2025	XEW	AY.36 + XEC.4	1BP	results/recombinhunt_output/sars-cov-2/dist0size0/all/structured_reports/case_102_XEW_USA/2025CV0191/2025
OZ261586	XFN	JN.1.16.1 + KP.3.3.10	1BP	results/recombinhunt_output/sars-cov-2/dist0size0/all/structured_reports/case_122_XFN_OZ261586
OZ271486	XFN	KP.2.3 + XEC.4.1 + KP.2.3	2BP	results/recombinhunt_output/sars-cov-2/dist0size0/all/structured_reports/case_122_XFN_OZ271486
OZ276300	XFN	KP.2.3 + XEC.4.1 + KP.2.3	2BP	results/recombinhunt_output/sars-cov-2/dist0size0/all/structured_reports/case_122_XFN_OZ276300
OZ276328	XFN	KP.2.3 + XEC.4.1 + KP.2.3	2BP	results/recombinhunt_output/sars-cov-2/dist0size0/all/structured_reports/case_122_XFN_OZ276328
OZ284692	XFN	KP.2.3 + XEC.32 + KP.2.3	2BP	results/recombinhunt_output/sars-cov-2/dist0size0/all/structured_reports/case_122_XFN_OZ284692
OZ284784	XFN	KP.2.3 + XEC.4.1.4 + KP.2.3	2BP	results/recombinhunt_output/sars-cov-2/dist0size0/all/structured_reports/case_122_XFN_OZ284784
OZ286973	XFN	JN.1.16.1 + KP.3.3.10	1BP	results/recombinhunt_output/sars-cov-2/dist0size0/all/structured_reports/case_122_XFN_OZ286973
OZ288044	XFN	JN.1.16.1 + KP.3.3.10	1BP	results/recombinhunt_output/sars-cov-2/dist0size0/all/structured_reports/case_122_XFN_OZ288044
OZ288054	XFN	JN.1.16.1 + KP.3.3.10	1BP	results/recombinhunt_output/sars-cov-2/dist0size0/all/structured_reports/case_122_XFN_OZ288054
OZ288074	XFN	KP.3.1.1 + LF.7.9 + KP.3.1.1	2BP	results/recombinhunt_output/sars-cov-2/dist0size0/all/structured_reports/case_122_XFN_OZ288074
OZ288105	XFN	JN.1.16.1 + KP.3.3.10	1BP	results/recombinhunt_output/sars-cov-2/dist0size0/all/structured_reports/case_122_XFN_OZ288105
OZ288128	XFN	JN.1.16.1 + KP.2.3	1BP	results/recombinhunt_output/sars-cov-2/dist0size0/all/structured_reports/case_122_XFN_OZ288128
